<?xml version="1.0" encoding="UTF-8"?>
<project version="4">
  <component name="AutoImportSettings">
    <option name="autoReloadType" value="SELECTIVE" />
  </component>
  <component name="ChangeListManager">
    <list default="true" id="99c83732-36dd-4ab5-bbc5-8fdc114245cf" name="Default Changelist" comment="" />
    <option name="SHOW_DIALOG" value="false" />
    <option name="HIGHLIGHT_CONFLICTS" value="true" />
    <option name="HIGHLIGHT_NON_ACTIVE_CHANGELIST" value="false" />
    <option name="LAST_RESOLUTION" value="IGNORE" />
  </component>
  <component name="MavenImportPreferences">
    <option name="generalSettings">
      <MavenGeneralSettings>
        <option name="mavenHome" value="$APPLICATION_HOME_DIR$/plugins/maven/lib/maven3" />
      </MavenGeneralSettings>
    </option>
  </component>
  <component name="ProjectId" id="1l8zyqeFiwi35xrnIsPfUJOrY0r" />
  <component name="ProjectViewState">
    <option name="hideEmptyMiddlePackages" value="true" />
    <option name="showLibraryContents" value="true" />
  </component>
  <component name="PropertiesComponent">
    <property name="RunOnceActivity.OpenProjectViewOnStart" value="true" />
    <property name="last_opened_file_path" value="$PROJECT_DIR$/src/main" />
  </component>
  <component name="RecentsManager">
    <key name="MoveFile.RECENT_KEYS">
      <recent name="$PROJECT_DIR$/src/main/java" />
    </key>
    <key name="CopyClassDialog.RECENTS_KEY">
      <recent name="" />
    </key>
    <key name="CopyFile.RECENT_KEYS">
      <recent name="$PROJECT_DIR$/src/main" />
      <recent name="$PROJECT_DIR$/src" />
    </key>
  </component>
  <component name="SpellCheckerSettings" RuntimeDictionaries="0" Folders="0" CustomDictionaries="0" DefaultDictionary="application-level" UseSingleDictionary="true" transferred="true" />
  <component name="TaskManager">
    <task active="true" id="Default" summary="Default task">
      <changelist id="99c83732-36dd-4ab5-bbc5-8fdc114245cf" name="Default Changelist" comment="" />
      <created>1606993766459</created>
      <option name="number" value="Default" />
      <option name="presentableId" value="Default" />
      <updated>1606993766459</updated>
    </task>
    <servers />
  </component>
  <component name="WindowStateProjectService">
    <state x="444" y="123" key="#com.intellij.ide.util.frameworkSupport.AddFrameworkSupportDialog" timestamp="1606994095713">
      <screen x="0" y="23" width="1440" height="808" />
    </state>
    <state x="444" y="123" key="#com.intellij.ide.util.frameworkSupport.AddFrameworkSupportDialog/0.23.1440.808@0.23.1440.808" timestamp="1606994095713" />
    <state x="355" y="152" key="new project wizard" timestamp="1608371473561">
      <screen x="0" y="23" width="1920" height="980" />
    </state>
    <state x="355" y="152" key="new project wizard/0.23.1920.980@0.23.1920.980" timestamp="1608371473561" />
  </component>
</project>