<component name="libraryTable">
  <library name="Maven: io.netty:netty-all:4.0.51.Final">
    <CLASSES>
      <root url="jar://$MAVEN_REPOSITORY$/io/netty/netty-all/4.0.51.Final/netty-all-4.0.51.Final.jar!/" />
    </CLASSES>
    <JAVADOC>
      <root url="jar://$MAVEN_REPOSITORY$/io/netty/netty-all/4.0.51.Final/netty-all-4.0.51.Final-javadoc.jar!/" />
    </JAVADOC>
    <SOURCES>
      <root url="jar://$MAVEN_REPOSITORY$/io/netty/netty-all/4.0.51.Final/netty-all-4.0.51.Final-sources.jar!/" />
    </SOURCES>
  </library>
</component>