<component name="libraryTable">
  <library name="Maven: org.codehaus.jackson:jackson-core-asl:1.8.5">
    <CLASSES>
      <root url="jar://$MAVEN_REPOSITORY$/org/codehaus/jackson/jackson-core-asl/1.8.5/jackson-core-asl-1.8.5.jar!/" />
    </CLASSES>
    <JAVADOC>
      <root url="jar://$MAVEN_REPOSITORY$/org/codehaus/jackson/jackson-core-asl/1.8.5/jackson-core-asl-1.8.5-javadoc.jar!/" />
    </JAVADOC>
    <SOURCES>
      <root url="jar://$MAVEN_REPOSITORY$/org/codehaus/jackson/jackson-core-asl/1.8.5/jackson-core-asl-1.8.5-sources.jar!/" />
    </SOURCES>
  </library>
</component>