<component name="libraryTable">
  <library name="Maven: org.apache.commons:commons-exec:1.3">
    <CLASSES>
      <root url="jar://$MAVEN_REPOSITORY$/org/apache/commons/commons-exec/1.3/commons-exec-1.3.jar!/" />
    </CLASSES>
    <JAVADOC>
      <root url="jar://$MAVEN_REPOSITORY$/org/apache/commons/commons-exec/1.3/commons-exec-1.3-javadoc.jar!/" />
    </JAVADOC>
    <SOURCES>
      <root url="jar://$MAVEN_REPOSITORY$/org/apache/commons/commons-exec/1.3/commons-exec-1.3-sources.jar!/" />
    </SOURCES>
  </library>
</component>