<component name="libraryTable">
  <library name="Maven: edu.umass.cs.benchlab:harlib:1.1.2">
    <CLASSES>
      <root url="jar://$MAVEN_REPOSITORY$/edu/umass/cs/benchlab/harlib/1.1.2/harlib-1.1.2.jar!/" />
    </CLASSES>
    <JAVADOC>
      <root url="jar://$MAVEN_REPOSITORY$/edu/umass/cs/benchlab/harlib/1.1.2/harlib-1.1.2-javadoc.jar!/" />
    </JAVADOC>
    <SOURCES>
      <root url="jar://$MAVEN_REPOSITORY$/edu/umass/cs/benchlab/harlib/1.1.2/harlib-1.1.2-sources.jar!/" />
    </SOURCES>
  </library>
</component>