<component name="libraryTable">
  <library name="Maven: org.seleniumhq.selenium:selenium-edge-driver:3.141.59">
    <CLASSES>
      <root url="jar://$MAVEN_REPOSITORY$/org/seleniumhq/selenium/selenium-edge-driver/3.141.59/selenium-edge-driver-3.141.59.jar!/" />
    </CLASSES>
    <JAVADOC>
      <root url="jar://$MAVEN_REPOSITORY$/org/seleniumhq/selenium/selenium-edge-driver/3.141.59/selenium-edge-driver-3.141.59-javadoc.jar!/" />
    </JAVADOC>
    <SOURCES>
      <root url="jar://$MAVEN_REPOSITORY$/org/seleniumhq/selenium/selenium-edge-driver/3.141.59/selenium-edge-driver-3.141.59-sources.jar!/" />
    </SOURCES>
  </library>
</component>