<component name="libraryTable">
  <library name="Maven: org.apache.commons:commons-lang3:3.11">
    <CLASSES>
      <root url="jar://$MAVEN_REPOSITORY$/org/apache/commons/commons-lang3/3.11/commons-lang3-3.11.jar!/" />
    </CLASSES>
    <JAVADOC>
      <root url="jar://$MAVEN_REPOSITORY$/org/apache/commons/commons-lang3/3.11/commons-lang3-3.11-javadoc.jar!/" />
    </JAVADOC>
    <SOURCES>
      <root url="jar://$MAVEN_REPOSITORY$/org/apache/commons/commons-lang3/3.11/commons-lang3-3.11-sources.jar!/" />
    </SOURCES>
  </library>
</component>