<component name="libraryTable">
  <library name="Maven: org.junit.jupiter:junit-jupiter-api:5.7.0">
    <CLASSES>
      <root url="jar://$MAVEN_REPOSITORY$/org/junit/jupiter/junit-jupiter-api/5.7.0/junit-jupiter-api-5.7.0.jar!/" />
    </CLASSES>
    <JAVADOC>
      <root url="jar://$MAVEN_REPOSITORY$/org/junit/jupiter/junit-jupiter-api/5.7.0/junit-jupiter-api-5.7.0-javadoc.jar!/" />
    </JAVADOC>
    <SOURCES>
      <root url="jar://$MAVEN_REPOSITORY$/org/junit/jupiter/junit-jupiter-api/5.7.0/junit-jupiter-api-5.7.0-sources.jar!/" />
    </SOURCES>
  </library>
</component>