<component name="libraryTable">
  <library name="Maven: net.lightbody.bmp:browsermob-core:2.1.5">
    <CLASSES>
      <root url="jar://$MAVEN_REPOSITORY$/net/lightbody/bmp/browsermob-core/2.1.5/browsermob-core-2.1.5.jar!/" />
    </CLASSES>
    <JAVADOC>
      <root url="jar://$MAVEN_REPOSITORY$/net/lightbody/bmp/browsermob-core/2.1.5/browsermob-core-2.1.5-javadoc.jar!/" />
    </JAVADOC>
    <SOURCES>
      <root url="jar://$MAVEN_REPOSITORY$/net/lightbody/bmp/browsermob-core/2.1.5/browsermob-core-2.1.5-sources.jar!/" />
    </SOURCES>
  </library>
</component>