<component name="libraryTable">
  <library name="Maven: org.bouncycastle:bcpkix-jdk15on:1.58">
    <CLASSES>
      <root url="jar://$MAVEN_REPOSITORY$/org/bouncycastle/bcpkix-jdk15on/1.58/bcpkix-jdk15on-1.58.jar!/" />
    </CLASSES>
    <JAVADOC>
      <root url="jar://$MAVEN_REPOSITORY$/org/bouncycastle/bcpkix-jdk15on/1.58/bcpkix-jdk15on-1.58-javadoc.jar!/" />
    </JAVADOC>
    <SOURCES>
      <root url="jar://$MAVEN_REPOSITORY$/org/bouncycastle/bcpkix-jdk15on/1.58/bcpkix-jdk15on-1.58-sources.jar!/" />
    </SOURCES>
  </library>
</component>