<component name="libraryTable">
  <library name="Maven: com.google.guava:guava:27.0.1-jre">
    <CLASSES>
      <root url="jar://$MAVEN_REPOSITORY$/com/google/guava/guava/27.0.1-jre/guava-27.0.1-jre.jar!/" />
    </CLASSES>
    <JAVADOC>
      <root url="jar://$MAVEN_REPOSITORY$/com/google/guava/guava/27.0.1-jre/guava-27.0.1-jre-javadoc.jar!/" />
    </JAVADOC>
    <SOURCES>
      <root url="jar://$MAVEN_REPOSITORY$/com/google/guava/guava/27.0.1-jre/guava-27.0.1-jre-sources.jar!/" />
    </SOURCES>
  </library>
</component>